Path,URL,Size in bytes,MD5 Hash,Filter Terms (optional),Extra Fields (optional),Comments
games/ABC80/boot.rom,https://archive.org/download/OngoFiles/ABC80/boot.rom,"20736",0d7c500e18f526471196b04301e13834,,,
games/Battletoads/btc0-p0.bin,https://archive.org/download/OngoFiles/mame/btoads.zip/btc0-p0.u120,"4194304",4115131384c96a80aa46b03ccfab2c6c,,,
games/Battletoads/btc0-p1.bin,https://archive.org/download/OngoFiles/mame/btoads.zip/btc0-p1.u121,"4194304",84de8fc9dbf577344b44ce7c1e2ae3ce,,,
games/Battletoads/btc0-s.bin,https://archive.org/download/OngoFiles/mame/btoads.zip/btc0-s.u109,"2097152",0b590c14aabc49cf43bc39bf18a625d2,,,
games/Enterprise/boot0.rom,https://archive.org/download/OngoFiles/Enterprise/boot0.rom,"163840",43cfbc4841c8e863df0996485fd8d68e,,,
games/KonixMultisystem/Ark A Hack.P88,https://archive.org/download/OngoFiles/KonixMultisystem/Ark%20A%20Hack.P88,"1774",0e138bab40e0f0e12420d3540399a3f5,,,
games/KonixMultisystem/Attack of the Mutant Camels [v0.4 Fixed].P88,https://archive.org/download/OngoFiles/KonixMultisystem/Attack%20of%20the%20Mutant%20Camels%20%5Bv0.4%20Fixed%5D.P88,"131998",a145811e8e39ecac2990eb9fcd871a80,,,
games/KonixMultisystem/Heads.P88,https://archive.org/download/OngoFiles/KonixMultisystem/Heads.P88,"241156",c2866597c45320a01ec9e005ae1c93ac,,,
games/KonixMultisystem/Konix Ball Demo.P88,https://archive.org/download/OngoFiles/KonixMultisystem/Konix%20Ball%20Demo.P88,"842",858ff9f597537458b6f1efc681b9e238,,,
games/KonixMultisystem/Konix Blitter Test.P88,https://archive.org/download/OngoFiles/KonixMultisystem/Konix%20Blitter%20Test.P88,"11422",f808083604b6941c58629198496f3fe5,,,
games/KonixMultisystem/Konix DSP Polygon Demo.P88,https://archive.org/download/OngoFiles/KonixMultisystem/Konix%20DSP%20Polygon%20Demo.P88,"3850",63ccf2cf85651b8fc29e9b87846aa31b,,,
games/KonixMultisystem/Konix Line Test.P88,https://archive.org/download/OngoFiles/KonixMultisystem/Konix%20Line%20Test.P88,"605",146eac62d8e4738c70ef3156d0d5e422,,,
games/KonixMultisystem/Konix Scrolling Demo.P88,https://archive.org/download/OngoFiles/KonixMultisystem/Konix%20Scrolling%20Demo.P88,"4967",02cd527266b7f38e99e9cef38369c4fb,,,
games/KonixMultisystem/Konix Test RAM.P88,https://archive.org/download/OngoFiles/KonixMultisystem/Konix%20Test%20RAM.P88,"306",9cd71ac21fa84bfd1963dec6431884bc,,,
games/KonixMultisystem/Konix Test Video Paging.P88,https://archive.org/download/OngoFiles/KonixMultisystem/Konix%20Test%20Video%20Paging.P88,"193",809255de126d60f2af0be10a1fa259b4,,,
games/LASER500/boot.rom,https://archive.org/download/OngoFiles/LASER500/boot.rom,"196608",2b3db0b30f1532c975dcd0fc25d07642,,,
games/LM80C/boot.rom,https://archive.org/download/OngoFiles/LM80C/boot.rom,"25992",6e15b6db9f39b06393cc7d337815ba56,,,
games/mame/agallet.zip,https://archive.org/download/OngoFiles/mame/agallet.zip,"8100360",250361316ccef40d532a5a9daf0ea30f,,,
games/mame/atarisy1.zip,https://archive.org/download/OngoFiles/mame/atarisy1.zip,"57375",f4a3c76103d9a5e50de8fac468e835c8,,,
games/mame/baluba.zip,https://archive.org/download/OngoFiles/mame/baluba.zip,"68148",c84daa05bf3bcd5faa3fac247068c7b0,,,
games/mame/brain.zip,https://archive.org/download/OngoFiles/mame/brain.zip,"92798",e363c6dc802a10d78bfa7de2a31e227a,,,
games/mame/btoads.zip,https://archive.org/download/OngoFiles/mame/btoads.zip,"4348372",4221c6d7cfefe69a76506e08923c8019,,,
games/mame/choplift.zip,https://archive.org/download/OngoFiles/mame/choplift.zip,"198449",36b529f30e00a70236af835b41fffb4e,,,
games/mame/ctribe.zip,https://archive.org/download/OngoFiles/mame/ctribe.zip,"5593625",0a5f28479f4f01175b4869dfcd995986,,,
games/mame/dakkochn.zip,https://archive.org/download/OngoFiles/mame/dakkochn.zip,"127557",de2514cdcce7ca04922faaeaba15af4f,,,
games/mame/ddragon3.zip,https://archive.org/download/OngoFiles/mame/ddragon3.zip,"3273575",1bceabfba7b33e00ca11afb2fd6f570e,,,
games/mame/enigma2.zip,https://archive.org/download/OngoFiles/mame/enigma2.zip,"24308",0042ea22cef61dbea85d56786f34d722,,,
games/mame/gardia.zip,https://archive.org/download/OngoFiles/mame/gardia.zip,"231785",466219ed7897ebc4e27e90924142369b,,,
games/mame/gradius.zip,https://archive.org/download/OngoFiles/mame/gradius.zip,"119413",d158147544eaffad348cb252afd5d9b4,,,
games/mame/gradiusb.zip,https://archive.org/download/OngoFiles/mame/gradiusb.zip,"102568",3bc0e4740f2c01ca92e31a0949fb61a9,,,
games/mame/hotdogst.zip,https://archive.org/download/OngoFiles/mame/hotdogst.zip,"1501013",3c2cb5da556f2d6755512d5c148cdfd5,,,
games/mame/hvymetal.zip,https://archive.org/download/OngoFiles/mame/hvymetal.zip,"149752",f5b251f6c24b3d21939ce71658f99fd7,,,
games/mame/mazinger.zip,https://archive.org/download/OngoFiles/mame/mazinger.zip,"3319727",88112efc77382a189c2b4b3b6370d4f1,,,
games/mame/neogeopc.zip,https://archive.org/download/OngoFiles/mame/neogeopc.zip,"36683",498c9b413f82b084bd40a3e381d1b03d,,,
games/mame/nob.zip,https://archive.org/download/OngoFiles/mame/nob.zip,"197068",9b02c09dd3397addeb7da2562ffc4809,,,
games/mame/nova2001h.zip,https://archive.org/download/OngoFiles/mame/nova2001h.zip,"29741",6e010f1ae04f6cc9b2812fc0ea9c4d8f,,,
games/mame/pacupacu.zip,https://archive.org/download/OngoFiles/mame/pacupacu.zip,"8718",9e3b03176cb39becea1227b3b4428c15,,,
games/mame/popflame.zip,https://archive.org/download/OngoFiles/mame/popflame.zip,"60663",61c647062dac784b6c3055999ca5a0f9,,,
games/mame/sailormn.zip,https://archive.org/download/OngoFiles/mame/sailormn.zip,"20522355",8865251835ec73232fc546064190f186,,,
games/mame/spclone.zip,https://archive.org/download/OngoFiles/mame/spclone.zip,"162398",8767f5b2bbffb14fa9437caaa3d3e3e5,,,
games/mame/starforc.zip,https://archive.org/download/OngoFiles/mame/starforc.zip,"218050",730c77de9abd5e819cb3f22b0c4eec07,,,
games/mame/tokisens.zip,https://archive.org/download/OngoFiles/mame/tokisens.zip,"171675",427a6e372185bc86e6ae4b8641a71383,,,
games/mame/twincobr_patched.zip,https://archive.org/download/OngoFiles/mame/twincobr_patched.zip,"698012",8ed9652edd88b2cf9e6a6233d9beb7c8,,,
games/mame/ufosensi.zip,https://archive.org/download/OngoFiles/mame/ufosensi.zip,"281737",5cda331be6b037f4201c36058e912c55,,,
games/mame/wbml.zip,https://archive.org/download/OngoFiles/mame/wbml.zip,"1165828",a5da561949f02ac1545212f8b4e0ab12,,,
games/mame/wwfwfest.zip,https://archive.org/download/OngoFiles/mame/wwfwfest.zip,"18362114",89ac53e111430c73d13522238b56d920,,,
games/MC1201/mc.rom,https://archive.org/download/OngoFiles/MC1201/mc.rom,"15360",a5d1658550226e8e8b109cbe53e26677,,,
games/MegaDrive/boot.rom,https://archive.org/download/OngoFiles/MegaDrive/boot.rom,"16384",45e298905a08f9cfb38fd504cd6dbc84,,,
games/NeoGeoPocket/boot.rom,https://archive.org/download/OngoFiles/NeoGeoPocket/boot.rom,"65536",6d7eba21a9f8fb71a63badfca8f9ba63,,,
games/RCA-StudioII/boot.rom,https://archive.org/download/OngoFiles/RCAStudioII/boot.rom,"2048",b37205bf19b197682f00619d05da194b,,,
games/Saturn/boot.rom,https://archive.org/download/OngoFiles/Saturn/boot.rom,"524288",bde8d6225194b1be7d7127f9f5a7bb29,,,
games/Sorcerer/boot.rom,https://archive.org/download/OngoFiles/Sorcerer/boot.rom,"5152",42076c1acf745415bad7817b7218ced0,,,
games/SparcStation/boot.rom,https://archive.org/download/OngoFiles/SparcStation/boot.rom,"389464",969aa8ee081bccb4e9382afbc0d973d4,,,
games/Tamagotchi/rom.bin,https://archive.org/download/OngoFiles/Tamagotchi/rom.bin,"12288",3fce172403c27274e59723bbb9f6d8e9,,,
games/Tamagotchi/test.bin,https://archive.org/download/OngoFiles/Tamagotchi/test.bin,"12288",b673f32604543f0f66d6a2a9321c18eb,,,
games/TOWNS/boot.rom,https://archive.org/download/OngoFiles/TOWNS/boot.rom,"2097152",21c1752e1c3a2d510fdfa1501e7a9a25,,,
games/Uneon/UNEON.VHD,https://archive.org/download/OngoFiles/Uneon/UNEON.VHD,"33554432",b953b5c105f3935f1d474f7499637a34,,,
games/Zet98/boot.rom,https://archive.org/download/OngoFiles/Zet98/boot.rom,"550912",73fcde408c51bea3b23ba5b7c66be37d,,,
games/mame/balonfgt.zip,https://archive.org/download/OngoFiles/mame-vs/balonfgt.zip,"59660",c8c42ee2483f194e3f958453a1e0390d,,,
games/mame/bnglngby.zip,https://archive.org/download/OngoFiles/mame-vs/bnglngby.zip,"25045",392874302004b3dbeee2f4c1ffc5014f,,,
games/mame/btlecity.zip,https://archive.org/download/OngoFiles/mame-vs/btlecity.zip,"32092",81f2b85e989425cc343cd24182c56321,,,
games/mame/cluclu.zip,https://archive.org/download/OngoFiles/mame-vs/cluclu.zip,"26313",5ec1c99b81e61e2749f7c78f6a27c2b0,,,
games/mame/cstlevna.zip,https://archive.org/download/OngoFiles/mame-vs/cstlevna.zip,"67943",73759611ba4eaaa3c8438bfeb68a14cb,,,
games/mame/drmario.zip,https://archive.org/download/OngoFiles/mame-vs/drmario.zip,"47191",c2ebbf16c905f5e24dbfc1cb9ab3268b,,,
games/mame/duckhunt.zip,https://archive.org/download/OngoFiles/mame-vs/duckhunt.zip,"28991",979397b8074c83fa30f85ca5674a95dc,,,
games/mame/excitebk.zip,https://archive.org/download/OngoFiles/mame-vs/excitebk.zip,"86130",949fc8db744b64f5cd06513492f38cfa,,,
games/mame/goonies.zip,https://archive.org/download/OngoFiles/mame-vs/goonies.zip,"35411",3872058086041729ce3eb857814eb90e,,,
games/mame/hogalley.zip,https://archive.org/download/OngoFiles/mame-vs/hogalley.zip,"24722",ad85dac7280b8ecae2fec02ea8b35415,,,
games/mame/iceclimb.zip,https://archive.org/download/OngoFiles/mame-vs/iceclimb.zip,"60321",3d18fe3eaa6fec2de81cf292ed06b2a3,,,
games/mame/iceclmrd.zip,https://archive.org/download/OngoFiles/mame-vs/iceclmrd.zip,"68702",7ba0296830725fc68b7af5118af1bb38,,,
games/mame/jajamaru.zip,https://archive.org/download/OngoFiles/mame-vs/jajamaru.zip,"23888",4cc9e580ecf4af5f82c5b8778ada83dc,,,
games/mame/nvs_machrider.zip,https://archive.org/download/OngoFiles/mame-vs/nvs_machrider.zip,"58532",f24c9a2de3e93dc3589d8bbeaf24cf2c,,,
games/mame/nvs_mightybj.zip,https://archive.org/download/OngoFiles/mame-vs/nvs_mightybj.zip,"30641",0584bdf35a6f3384ca9bcda807c0210f,,,
games/mame/nvs_platoon.zip,https://archive.org/download/OngoFiles/mame-vs/nvs_platoon.zip,"96636",dc0c89de8fb77a2c674c564414fe9094,,,
games/mame/rbibb.zip,https://archive.org/download/OngoFiles/mame-vs/rbibb.zip,"69578",e62f2bbbee70c6029328b556f623fd94,,,
games/mame/smgolf.zip,https://archive.org/download/OngoFiles/mame-vs/smgolf.zip,"14472",d476d407552fdae2cd523d042552428d,,,
games/mame/starlstr.zip,https://archive.org/download/OngoFiles/mame-vs/starlstr.zip,"29102",8d1dc549af1514ec8fce1937e2acaf99,,,
games/mame/suprmrio.zip,https://archive.org/download/OngoFiles/mame-vs/suprmrio.zip,"11508",c1f35e14e4878c35116209c99e89246e,,,
games/mame/supxevs.zip,https://archive.org/download/OngoFiles/mame-vs/supxevs.zip,"82823",96709dc9f2e3b6258f9a3607b80bb6ec,,,
games/mame/tkoboxng.zip,https://archive.org/download/OngoFiles/mame-vs/tkoboxng.zip,"63770",330a3cc370113ab352bba4101f0cdef1,,,
games/mame/topgun.zip,https://archive.org/download/OngoFiles/mame-vs/topgun.zip,"79004",2c28ff26c975af03173ff2e2a2eeb074,,,
games/mame/vs_urban.zip,https://archive.org/download/OngoFiles/mame-vs/vs_urban.zip,"22041",03f211011fa7d0f6b277e2865c2d6c87,,,
games/mame/vsbball.zip,https://archive.org/download/OngoFiles/mame-vs/vsbball.zip,"21357",6ad37ee15990afbf3ba26356f035902d,,,
games/mame/vsfdf.zip,https://archive.org/download/OngoFiles/mame-vs/vsfdf.zip,"74481",588042622dd95e070051b053346afa25,,,
games/mame/vsfrombelow.zip,https://archive.org/download/OngoFiles/mame-vs/vsfrombelow.zip,"87122",41eac41a26e2a9a30f7488aadbfcbf73,,,
games/mame/vsgradus.zip,https://archive.org/download/OngoFiles/mame-vs/vsgradus.zip,"48906",d9e569378f9bd77f929f2edda145e8fa,,,
games/mame/vsgshoe.zip,https://archive.org/download/OngoFiles/mame-vs/vsgshoe.zip,"38032",71f7f29eceef390433e25fc1a39fd61f,,,
games/mame/vsmahjng.zip,https://archive.org/download/OngoFiles/mame-vs/vsmahjng.zip,"42904",22033375f6b5523711ed33a038442127,,,
games/mame/vspinbal.zip,https://archive.org/download/OngoFiles/mame-vs/vspinbal.zip,"51934",dd16001f3f3aa5cf35356b7b9586dc1e,,,
games/mame/vsskykid.zip,https://archive.org/download/OngoFiles/mame-vs/vsskykid.zip,"31746",f6d06542de78c93b31640dfa06f4a499,,,
games/mame/vsslalom.zip,https://archive.org/download/OngoFiles/mame-vs/vsslalom.zip,"25141",21d83b8ab370c671f54a1c82eb4cd4ce,,,
games/mame/vssoccer.zip,https://archive.org/download/OngoFiles/mame-vs/vssoccer.zip,"53660",86ecf0715d044b7995ef1adbad1688d5,,,
games/mame/vstennis.zip,https://archive.org/download/OngoFiles/mame-vs/vstennis.zip,"13620",8efc3fb42270dab83e784d3001858675,,,
games/mame/vstetris.zip,https://archive.org/download/OngoFiles/mame-vs/vstetris.zip,"14572",798a8d686961b50d5c1e16e760dc8b79,,,
games/mame/wrecking.zip,https://archive.org/download/OngoFiles/mame-vs/wrecking.zip,"49620",cb2e499b1582f397e54487f61de71b66,,,
